{
  "countries": [
    {
      "id": 1,
      "country": "Australia"
    },
    {
      "id": 2,
      "country": "Brazil"
    },
    {
      "id": 3,
      "country": "Bhutan"
    },
    {
      "id": 4,
      "country": "China"
    },
    {
      "id": 5,
      "country": "Canada"
    },
    {
      "id": 6,
      "country": "Dubai"
    },
    {
      "id": 7,
      "country": "Iran"
    },
    {
      "id": 8,
      "country": "India"
    },
    {
      "id": 9,
      "country": "Kenya"
    },
    {
      "id": 10,
      "country": "Lominia"
    },
    {
      "id": 11,
      "country": "Mongolia"
    },
    {
      "id": 12,
      "country": "Niziria"
    },
    {
      "id": 13,
      "country": "Pakistan"
    },
    {
      "id": 14,
      "country": "Russia"
    },
    {
      "id": 15,
      "country": "Singapore"
    },
    {
      "id": 16,
      "country": "Thailand"
    },
    {
      "id": 17,
      "country": "Viatnam"
    },
    {
      "id": 18,
      "country": "Zimbambe"
    },
    {
      "country": "italy",
      "id": 19
    },
    {
      "country": "newzealand",
      "id": 20
    }
  ]
}